variable_name,variable_value,B,aggregated_change
age,45.0,0,4.042696725353503
creatinine_phosphokinase,981.0,0,2.2373474215258122
ejection_fraction,30.0,0,13.360015730276674
platelets,136000.0,0,7.124622321860922
serum_creatinine,1.1,0,1.7080421816823577
serum_sodium,137.0,0,0.983946973348949
sex,1.0,0,1.4139507094800683
smoking,0.0,0,1.2486544742841315
